{"0.7084825158340373":{"user_id":2},"0.44994493312871175":{"user_id":1},"0.8683821996891192":{"user_id":4},"0.7024934795127469":{"user_id":1},"0.6870490395200655":{"user_id":2},"0.8197729467064394":{"user_id":4},"0.6633545512871191":{"user_id":1}}